{
  "DFIntTaskSchedulerTargetFps": 500,
  "FIntTerrainOTAMaxTextureSize": 512,
  "FIntUITextureMaxRenderTextureSize": 512,
  "FIntMeshContentProviderForceCacheSize": 134217728,
  "FIntDefaultMeshCacheSizeMB": 128,
  "DFIntHttpCurlConnectionCacheSize": 67108864,
  "FFlagEnableQuickGameLaunch": true,
  "FFlagHandleAltEnterFullscreenManually": false,
  "FFlagEnableInGameMenuV3": false,
  "FFlagPreloadAllFonts": false,
  "FFlagPreloadTextureItemsOption4": true,
  "FFlagBatchAssetApi": true,
  "FFlagAnimationClipMemCacheEnabled": true,
  "FFlagCacheRequestedMaxSize": true,
  "FFlagCacheHardwareInfo": true,
  "FFlagUpdateUICachesWithQuadTree3": true,
  "FFlagFixGraphicsQuality": true,
  "FFlagCommitToGraphicsQualityFix": true,
  "FFlagFastGPULightCulling3": true,
  "FFlagGpuGeometryManager3": true,
  "FFlagRenderGpuTextureCompressor": true,
  "FFlagEnableCameraByDefault": false,
  "DFFlagPredictedOOM": false,
  "DFIntPredictedOOMPercent": 0,
  "FFlagEnableAdsAPI": false,
  "FFlagAdServiceEnabled": false,
  "DFFlagEnableMemProfilingStorePlaceId": false,
  "DFFlagEnableMemProfilingOutsideClient": false,
  "DFFlagCrashUploadFullDumps": false,
  "DFFlagEnablePerfAudioCollection": false,
  "DFFlagEnablePerfDataCoreCategoryTimersCollection2": false,
  "DFFlagEnablePerfDataCoreTimersCollection2": false,
  "DFFlagEnablePerfDataCountersCollection": false,
  "DFFlagEnablePerfDataGatherTelemetry2": false,
  "DFFlagEnablePerfDataMemoryCategoriesCollection2": false,
  "DFFlagEnablePerfDataMemoryCollection": false,
  "DFFlagEnablePerfDataMemoryPressureCollection": false,
  "DFFlagEnablePerfDataSubsystemTimersCollection2": false,
  "DFFlagEnablePerfRenderStatsCollection2": false,
  "DFFlagEnablePerfStatsCollection3": false,
  "DFIntBrowserTrackerApiDeviceInitializeRolloutPercentage": 0,
  "DFIntBrowserTrackerApiDeviceInitializeUWPRolloutPercentage": 0,
  "FIntLinkBrowserTrackerToDeviceRollout": 0,
  "DFIntReportFmodErrorsRate": 0,
  "DFFlagEnableLightstepReporting2": false,
  "DFIntLightstepHTTPTransportHundredthsPercent2": 0,
  "DFStringLightstepHTTPTransportUrlHost": "https://opt-out.roblox.com",
  "DFStringLightstepHTTPTransportUrlPath": "/opt-out",
  "DFStringLightstepToken": "opt-out",
  "DFStringLmsRecipeEndpoint": "/opt-out",
  "DFStringLmsReportEndpoint": "/opt-out",
  "DFIntLmsClientMaxTargets": 0,
  "FIntLmsClientRollout2": 0,
  "DFStringCrashUploadToBacktraceMacPlayerToken": "opt-out",
  "DFStringCrashUploadToBacktraceWindowsPlayerToken": "opt-out",
  "FStringCoreScriptBacktraceErrorUploadToken": "opt-out",
  "FStringPerformanceSendMeasurementAPISubdomain": "opt-out",
  "DFStringHttpPointsReporterUrl": "https://opt-out.roblox.com",
  "DFStringAnalyticsEventStreamUrlEndpoint": "opt-out",
  "DFStringAltHttpPointsReporterUrl": "https://opt-out.roblox.com",
  "DFStringAltTelegrafHTTPTransportUrl": "http://opt-out.roblox.com",
  "DFStringTelegrafHTTPTransportUrl": "https://opt-out.roblox.com",
  "DFStringCrashUploadToBacktraceBaseUrl": "https://opt-out.roblox.com",
  "FStringErrorUploadToBacktraceBaseUrl": "https://opt-out.roblox.com",
  "DFStringRobloxAnalyticsSubDomain": "opt-out",
  "DFStringRobloxAnalyticsURL": "https://opt-out.roblox.com",
  "DFStringAnalyticsNS1ApplicationId": "opt-out",
  "DFStringAnalyticsNS1BeaconConfig": "https://opt-out.roblox.com"
}
